{
    "Linear Regression": {
        "test_r2": 0.9196532464453151,
        "test_mae": 128.13963669971636,
        "test_rmse": 227.50459421827378
    },
    "Random Forest": {
        "test_r2": 0.923484004443253,
        "test_mae": 45.80091426017017,
        "test_rmse": 222.01489947663916
    },
    "DNN": {
        "test_r2": 0.8936806945932074,
        "test_mae": 131.36543260884082,
        "test_rmse": 261.70502989702595
    }
}